Accuracy,0.5
Precision,0.5
Sensitivity,0.9974587039390089
Specificity,0.0025412960609911056
F1,0.6661009758167162
MCC,0.0
