Accuracy,0.75
Precision,0.7304964539007093
Sensitivity,0.7923076923076923
Specificity,0.7076923076923077
F1,0.7601476014760147
MCC,0.5017996102022142
