Accuracy,0.671875
Precision,0.7528142589118199
Sensitivity,0.5117984693877551
Specificity,0.8319515306122449
F1,0.6093394077448746
MCC,0.36284821430139497
