Accuracy,0.61
Precision,0.6052927927927928
Sensitivity,0.6323529411764706
Specificity,0.5876470588235294
F1,0.6185270425776755
MCC,0.2202201778440962
