Accuracy,0.58
Precision,0.5995370370370371
Sensitivity,0.48186046511627906
Specificity,0.6781395348837209
F1,0.5342960288808665
MCC,0.16317404942248195
