Accuracy,0.675
Precision,0.6475095785440613
Sensitivity,0.7681818181818182
Specificity,0.5818181818181818
F1,0.7027027027027027
MCC,0.3562410449391816
