Accuracy,0.85
Precision,0.8875838926174496
Sensitivity,0.8015151515151515
Specificity,0.8984848484848484
F1,0.842356687898089
MCC,0.7033144860364238
AUC,0.85
AUPR,0.8106543624161073
