Accuracy,0.6
Precision,0.5974729241877257
Sensitivity,0.6129629629629629
Specificity,0.587037037037037
F1,0.6051188299817185
MCC,0.20006724926679056
